"IPs","OS"
"95.118.159.56","Ubuntu 16.04"
"4.172.101.67","Debian 8.0"
"63.134.177.174","Windows 7"
"206.5.29.144","Fedora 26"
"212.126.239.39","Debian 8.0"
"205.196.183.245","Alpine 3.6.2"
"114.62.118.205","Fedora 26"
"153.191.101.184","Debian 8.0"
"33.139.242.75","MacOSX"
"103.199.17.237","Debian 8.0"
"27.108.82.247","Fedora 26"
"31.184.31.160","Debian 8.0"
"6.167.198.119","Windows 7"
"172.109.103.166","CentOS 1611"
"52.41.187.174","Fedora 26"
"21.183.114.137","Debian 8.0"
"61.69.211.165","Debian 8.0"
"180.251.230.239","Ubuntu 16.04"
"74.255.233.238","Fedora 26"
"155.155.193.67","Windows 7"
"231.107.159.64","Fedora 26"
"229.211.87.121","Fedora 26"
"86.233.76.156","CentOS 1611"
"173.246.9.141","Debian 8.0"
"245.89.99.35","Windows 7"
"114.97.255.123","Fedora 26"
"203.233.111.120","Fedora 26"
"12.128.158.32","Windows 7"
"158.89.165.43","Alpine 3.6.2"
"182.115.56.72","Fedora 26"
"189.109.183.238","Ubuntu 16.04"
"227.236.152.20","Debian 8.0"
"229.186.125.153","Fedora 26"
"11.120.165.72","Debian 8.0"
"17.44.154.75","Fedora 26"
"52.43.101.215","Ubuntu 16.04"
"37.158.79.62","Fedora 26"
"120.142.1.109","Windows XP"
"1.233.101.69","Ubuntu 16.04"
"20.56.26.76","Debian 8.0"
"161.183.240.138","Fedora 26"
"231.185.176.214","Windows 7"
"211.49.4.226","Fedora 26"
"220.78.94.56","Fedora 26"
"253.157.119.231","CentOS 1611"
"56.15.187.128","Debian 8.0"
"148.180.187.60","Windows 7"
"143.83.93.200","Fedora 26"
"184.232.8.26","Fedora 26"
"79.237.233.236","Windows 7"
"103.16.180.74","Alpine 3.6.2"
"159.3.44.45","Fedora 26"
"148.22.62.190","Ubuntu 16.04"
"239.36.84.20","Debian 8.0"
"189.123.58.211","Fedora 26"
"55.133.229.138","Debian 8.0"
"3.20.180.49","Fedora 26"
"123.82.115.139","Ubuntu 16.04"
"45.44.24.248","Fedora 26"
"87.8.157.243","Windows XP"
